INSERT INTO `links` (`id`, `title`, `description`, `url`, `lng`, `alt`, `start`, `end`, `user_id`, `status`, `created`, `modified`, `hit_count`, `slug`) VALUES
(1, 'LARP-Welt', 'Diese Seite, das ultimative Linkverzeichnis fuer LARP-Seiten', 'http://www.larp-welt.de', NULL, NULL, NULL, NULL, 0, 1, NULL, NULL, 0, 'larp-welt'),
(2, 'LARPInfo', 'Eine bewaehrte und unglaublich informative Seite zum Thema LARP', 'http://www.larpinfo.de', NULL, NULL, NULL, NULL, 0, 1, NULL, NULL, 0, 'larpinfo'),
(3, 'Thilo Wagners LARP-Kalender', 'Seit den Anfaengen des Liverollenspiels in Deutschland versorgt dieser Kalender die deutsche LARP-Community mit aktuellen Terminen.', 'http://www.larpkalender.de/', NULL, NULL, NULL, NULL, 0, 1, NULL, NULL, 0, 'larpkalender'),
(4, 'Orga ohne Namen', 'Kleiner Verein, der sich zum Ziel gesetzt hat, gute Cons zu mache, die fuer fast jeden geeignet sind.', 'http://www.orgaohnenamen.de', NULL, NULL, NULL, NULL, 0, 1, NULL, NULL, 0, 'oon'),
(5, 'LARP-Bilderarchiv', 'Ein Verzeichnis der Liverollenspielbilder im Internet.', 'http://www.larp-bilder.de/', NULL, NULL, NULL, NULL, 0, 1, NULL, NULL, 0, 'larpbilder'),
(6, 'LARPevents', 'Der zweite Con-Kalender im Internet, sehr konfortable mit vielen Funktionen.', 'http://www.larpevents.de/', null, null, NULL, NULL, 0, 1, '2008-07-18 21:31:20', '2008-07-18 21:31:20', 1, 'larpevents'),
(7, 'LARPzeit', 'Webpräsenz des einzigen deutschen LARP-Magazins. On- und offline lesenwert und aktuell. Ein gut besuchtes Forum ergänzt das Angebot.', 'http://www.larpzeit.de', null, null, NULL, NULL, 0, 1, '2008-07-18 21:54:17', '2008-07-18 21:54:17', 0, 'larpzeit'),
(8, 'LarpWiki', 'Das interaktive Nachschlagewerk rund ums LARP. Einfach lesen oder auch selber mitschreiben.', 'http://www.larpwiki.de/', null, null, NULL, NULL, 0, 1, '2008-07-18 21:55:55', '2008-07-18 21:55:55', 0, 'larpwiki'),
(9, 'LARP-Faq', 'Die FAQ um alle LARP-Fragen. Es besteht die Möglichkeit die FAQ auf die eigene Seite zu entführen.', 'http://www.larpfaq.de/', null, null, NULL, NULL, 0, 1, '2008-07-18 21:57:47', '2008-07-18 21:57:47', 0, 'larp_faq'),
(10, 'Wikipedia-Eintrag', 'Das Wikipedia erklärt recht ausführlich, was LARP ist.', 'http://de.wikipedia.org/wiki/Live_Action_Role_Playing', null, null, NULL, NULL, 0, 1, '2008-07-18 22:00:08', '2008-07-18 22:00:08', 0, 'wikipedia_eintrag'),
(11, 'Lost-Ages: Forum', 'Das Forum zu und um die Cons und Veranstaltungen von "Lost Ages". Mit besonders geschütztem Bereich für NSCs.', 'http://www.razyboard.com/system/user_Lost_Ages.html', null, null, NULL, NULL, 0, 1, '2008-07-18 22:02:26', '2008-07-18 22:02:26', 0, 'lost_ages_forum'),
(12, 'Mittelland-Kampagne', 'Dachverband und Koordination einer veranstalterübergreifenden Plotkoordination. ', 'http://mittellande.de/', null, null, NULL, NULL, 0, 1, '2008-07-18 22:06:30', '2008-07-18 22:06:30', 0, 'mittelland_kampagne'),
(13, 'Vampire Live Domäne Oldenburg', 'Seite der Domäne Oldenburg.', 'http://www.herzogtumbremen.de/', null, null, NULL, NULL, 0, 1, '2008-07-18 22:08:57', '2008-07-18 22:08:57', 0, 'vampire_live_dom_ne_oldenburg'),
(14, 'Lost Ideas', 'Alternative Cons im Horror-, Zombie- oder Endzeitstil. Sehr innovativ und kreativ.', 'http://www.lost-ideas.de', null, null, NULL, NULL, 0, 1, '2008-07-18 22:12:36', '2008-07-18 22:13:34', 0, 'lost_ideas'),
(15, 'Westernlarp', 'Dieser Veranstalter aus Östereich bietet Liverollenspiele im Wild-West-Setting an.', 'http://www.westernlarp.at/', null, null, NULL, NULL, 0, 1, '2008-07-18 22:18:03', '2008-07-18 22:31:19', 0, 'westernlarp'),
(16, 'Larpschmiede', 'Liverollenspielveranstalter aus Östereich.', 'http://www.larpschmiede.at/', null, null, NULL, NULL, 0, 1, '2008-07-18 22:32:45', '2008-07-18 22:32:45', 0, 'larpschmiede'),
(17, 'Cthulhu-Larp', 'Grusel-Liverollenspiel in Settings  nach den Ideen von H.P. Lovecraft.', 'http://www.cthulhu-larp.de/', null, null, NULL, NULL, 0, 1, '2008-07-18 22:43:20', '2008-07-18 22:43:20', 0, 'cthulhu_larp'),
(18, 'Spielerverein der Freunde des Gepflegten Rollenspiels', 'Der Spielerverein der Freunde des Gepflegten Rollenspiels ist ein in Österreich (derzeit Tirol und Wien) tätiger Verein, dessen Mitglieder sich Tischrollenspielen, Live-Rollenspielen und Tabletops widmen. Der Verein organisiert Treffen, Veranstaltungen und Exkursionen für die Mitglieder, verleiht Rollenspielmaterial und bietet Kontakt zu Gleichgesinnten sowie Einführungsrunden für Neulinge.', 'http://rollenspiel.inter.at/', null, null, NULL, NULL, 0, 1, '2008-07-18 23:11:43', '2008-07-18 23:11:43', 0, 'spielerverein_der_freunde_des_gepflegten_rollenspiels'),
(21, 'Panta Rei', 'Rollenspielverein in Östereich, der sich vor allem mit Vampire beschäftigt.', 'http://blut-und-spiele.at/', null, null, NULL, NULL, 0, 1, '2008-07-19 00:00:35', '2008-07-19 00:05:15', 0, 'panta_rei'),
(22, 'Die Oriosen', 'Die Homepage des Stammes der maskentragenden Oriosen. (LARP-Gruppe mit Mitspielern aus der ganzen Schweiz)', 'http://oriosen.ch/', null, null, NULL, NULL, 0, 1, '2008-07-19 00:03:42', '2008-07-19 00:03:42', 0, 'die_oriosen');

INSERT INTO `tags` (`id`, `name`, `slug`) VALUES
(1, 'Internet', 'internet'),
(2, 'Forum', 'forum'),
(3, 'No LARP', 'no_larp'),
(4, 'Veranstalter', 'veranstalter'),
(5, 'Veranstaltung', 'veranstaltung'),
(6, 'Con', 'con'),
(7, 'Kalender', 'kalender'),
(8, 'Bilder', 'bilder'),
(9, 'Events', 'events'),
(10, 'Magazin', 'magazin'),
(11, 'Nachschlagen', 'nachschlagen'),
(12, 'Wiki', 'wiki'),
(13, 'FAQ', 'faq'),
(14, 'Kampagne', 'kampagne'),
(15, 'Alternatives', 'alternatives'),
(16, 'Vampire', 'vampire'),
(17, 'Endzeit', 'endzeit'),
(18, 'Horror', 'horror'),
(19, 'Zombies', 'zombies'),
(20, 'Western', 'western'),
(21, 'Österreich', 'oesterreich'),
(22, 'H. P. Lovecraft', 'h_p_lovecraft'),
(23, 'Pen''n''Paper', 'pen_n_paper'),
(29, 'Schweiz', 'schweiz'),
(28, 'Gruppe', 'gruppe'),
(27, 'Verein', 'verein');

INSERT INTO `links_tags` (`link_id`, `tag_id`) VALUES
(1, 1),
(1, 2),
(2, 2),
(3, 6),
(3, 7),
(4, 4),
(4, 5),
(5, 6),
(5, 8),
(5, 1),
(6, 9),
(6, 5),
(6, 6),
(6, 7),
(7, 10),
(7, 2),
(7, 5),
(7, 6),
(8, 11),
(8, 12),
(8, 1),
(9, 13),
(9, 1),
(9, 11),
(10, 1),
(10, 12),
(11, 1),
(11, 2),
(11, 4),
(11, 5),
(11, 6),
(12, 14),
(12, 4),
(13, 15),
(13, 16),
(14, 9),
(14, 6),
(14, 5),
(14, 4),
(14, 15),
(14, 17),
(14, 18),
(14, 19),
(15, 20),
(15, 15),
(15, 6),
(15, 5),
(15, 4),
(15, 0),
(16, 4),
(16, 5),
(16, 6),
(16, 21),
(17, 4),
(17, 5),
(17, 6),
(17, 15),
(17, 18),
(17, 22),
(18, 4),
(18, 5),
(18, 15),
(18, 23),
(18, 21),
(21, 21),
(21, 16),
(21, 15),
(21, 4),
(22, 28),
(22, 29),
(21, 27);
